video_title,channel,comment,comment_sentiment,transcript_sentiment,video_url
Brawl Talk: A NEW BRAWLER RARITY?!,Brawl Stars,I hope they won't do ultra legendary like chromatic again ğŸ˜­,0.3182,0.0,https://www.youtube.com/watch?v=6D1yFt1Uook
Brawl Talk: A NEW BRAWLER RARITY?!,Brawl Stars,This video randomly popped up and I m glad it did,0.4588,0.0,https://www.youtube.com/watch?v=6D1yFt1Uook
Brawl Talk: A NEW BRAWLER RARITY?!,Brawl Stars,I didn t expect to love this as much as I do,0.6369,0.0,https://www.youtube.com/watch?v=6D1yFt1Uook
Brawl Talk: A NEW BRAWLER RARITY?!,Brawl Stars,I can t stop smiling watching this,0.2023,0.0,https://www.youtube.com/watch?v=6D1yFt1Uook
Brawl Talk: A NEW BRAWLER RARITY?!,Brawl Stars,This deserves way more views. Absolutely underrated,0.0,0.0,https://www.youtube.com/watch?v=6D1yFt1Uook
"$1 vs $25,000 Build Challenge",MrBeast Gaming,I remembered the password for the account lol,0.4215,0.0,https://www.youtube.com/watch?v=2C6omXxIcyE
"$1 vs $25,000 Build Challenge",MrBeast Gaming,Welcome to gaming,0.4588,0.0,https://www.youtube.com/watch?v=2C6omXxIcyE
"$1 vs $25,000 Build Challenge",MrBeast Gaming,This video randomly popped up and I m glad it did,0.4588,0.0,https://www.youtube.com/watch?v=2C6omXxIcyE
"$1 vs $25,000 Build Challenge",MrBeast Gaming,FINALLY MORE GAMING!!!!,0.0,0.0,https://www.youtube.com/watch?v=2C6omXxIcyE
"$1 vs $25,000 Build Challenge",MrBeast Gaming,"Thank you for this video, very enlightening!",0.7495,0.0,https://www.youtube.com/watch?v=2C6omXxIcyE
Doechii - Anxiety (Official Video),IamdoechiiVEVO,The vibe style hot damn ğŸ˜¬,-0.6249,0.0,https://www.youtube.com/watch?v=riCP9x31Kuk
Doechii - Anxiety (Official Video),IamdoechiiVEVO,OG is better,0.4404,0.0,https://www.youtube.com/watch?v=riCP9x31Kuk
Doechii - Anxiety (Official Video),IamdoechiiVEVO,Her voice is so melodic when she sings I love it,0.6369,0.0,https://www.youtube.com/watch?v=riCP9x31Kuk
Doechii - Anxiety (Official Video),IamdoechiiVEVO,"ğŸ˜® just art, this girl is light",0.0,0.0,https://www.youtube.com/watch?v=riCP9x31Kuk
Doechii - Anxiety (Official Video),IamdoechiiVEVO,"Your videos are always so helpful, thank you!",0.7708,0.0,https://www.youtube.com/watch?v=riCP9x31Kuk
THE GASLIGHT DISTRICT: PILOT,GLITCH,"GLITCHâ€™s next animated show is here!!! Weve been working on this one for over 2 years with PartTimeSeagull and we are SO happy with how it turned out â™¥
We are looking to greenlight a FULL SEASON and are currently seeking funding! You can help support us by getting some merch â¡ https://gaslightdistrict.store 
No pressure though, hope you have a great day! ğŸ’š",0.9842,0.0,https://www.youtube.com/watch?v=IC8KsZniulw
THE GASLIGHT DISTRICT: PILOT,GLITCH,11:00 yo isn't that a p- mag,0.0,0.0,https://www.youtube.com/watch?v=IC8KsZniulw
THE GASLIGHT DISTRICT: PILOT,GLITCH,"This video was amazing, learned a lot.",0.5859,0.0,https://www.youtube.com/watch?v=IC8KsZniulw
THE GASLIGHT DISTRICT: PILOT,GLITCH,"Wow, my nickname is Mel too ğŸ˜ƒ.! Hi-5 from Mel(â â‰§â â–½â â‰¦â ) ğŸ–ğŸ½",0.8687,0.0,https://www.youtube.com/watch?v=IC8KsZniulw
"Remontada Ã©pica. Abajo por 2 goles, el Barcelona ganÃ³ 4-3 a Celta de Vigo. Raphinha, hÃ©roe | La Liga",ESPN Deportes,"Great job, this video was very useful!",0.8217,0.0,https://www.youtube.com/watch?v=9F7YXjxSzEs
"Remontada Ã©pica. Abajo por 2 goles, el Barcelona ganÃ³ 4-3 a Celta de Vigo. Raphinha, hÃ©roe | La Liga",ESPN Deportes,"Fantastic explanation, thank you!",0.75,0.0,https://www.youtube.com/watch?v=9F7YXjxSzEs
"Remontada Ã©pica. Abajo por 2 goles, el Barcelona ganÃ³ 4-3 a Celta de Vigo. Raphinha, hÃ©roe | La Liga",ESPN Deportes,I can t stop smiling watching this,0.2023,0.0,https://www.youtube.com/watch?v=9F7YXjxSzEs
"Remontada Ã©pica. Abajo por 2 goles, el Barcelona ganÃ³ 4-3 a Celta de Vigo. Raphinha, hÃ©roe | La Liga",ESPN Deportes,El robalona como siempre....penalty regalado al Ãºltimo minuto...que chiste,0.0,0.0,https://www.youtube.com/watch?v=9F7YXjxSzEs
"Remontada Ã©pica. Abajo por 2 goles, el Barcelona ganÃ³ 4-3 a Celta de Vigo. Raphinha, hÃ©roe | La Liga",ESPN Deportes,AsÃ­ cualquiera con 12 en la cancha ğŸ˜‚,0.4404,0.0,https://www.youtube.com/watch?v=9F7YXjxSzEs
My Daughter Survives TEN BROTHERS,Jordan Matter,Happy Easter weekend to those who celebrate!,0.8268,0.0,https://www.youtube.com/watch?v=XG1wg3ELG9w
My Daughter Survives TEN BROTHERS,Jordan Matter,Thatâ€™s me when I survive with 10 brothersğŸ˜‚ğŸ˜‚,0.7003,0.0,https://www.youtube.com/watch?v=XG1wg3ELG9w
My Daughter Survives TEN BROTHERS,Jordan Matter,Hi,0.0,0.0,https://www.youtube.com/watch?v=XG1wg3ELG9w
My Daughter Survives TEN BROTHERS,Jordan Matter,12h ago â¤â¤â¤â¤â¤â¤,0.9803,0.0,https://www.youtube.com/watch?v=XG1wg3ELG9w
My Daughter Survives TEN BROTHERS,Jordan Matter,Ngl if i was there i would probably just steal my passport back so i dont have to go and i can be alone,-0.6369,0.0,https://www.youtube.com/watch?v=XG1wg3ELG9w
HIM | Official Teaser Trailer,Universal Pictures,"Awesome video, looking forward to the next one!",0.6588,0.0,https://www.youtube.com/watch?v=ccmQETThJgs
HIM | Official Teaser Trailer,Universal Pictures,Who else thought this was a Nike commerical?   I did âœ‹ğŸ»âœ‹ğŸ»,0.7506,0.0,https://www.youtube.com/watch?v=ccmQETThJgs
HIM | Official Teaser Trailer,Universal Pictures,"Great job, this video was very useful!",0.8217,0.0,https://www.youtube.com/watch?v=ccmQETThJgs
HIM | Official Teaser Trailer,Universal Pictures,"Great tips, thanks for sharing!",0.8777,0.0,https://www.youtube.com/watch?v=ccmQETThJgs
HIM | Official Teaser Trailer,Universal Pictures,Amazing content as always!,0.6239,0.0,https://www.youtube.com/watch?v=ccmQETThJgs
Man. United vs. Lyon: Extended Highlights | UEL Quarter-final Leg 2 | CBS Sports Golazo - Europe,CBS Sports Golazo - Europe,"This was very informative, appreciate it.",0.4549,0.0,https://www.youtube.com/watch?v=9OPyZMVBO9o
Man. United vs. Lyon: Extended Highlights | UEL Quarter-final Leg 2 | CBS Sports Golazo - Europe,CBS Sports Golazo - Europe,Amazing content as always!,0.6239,0.0,https://www.youtube.com/watch?v=9OPyZMVBO9o
Man. United vs. Lyon: Extended Highlights | UEL Quarter-final Leg 2 | CBS Sports Golazo - Europe,CBS Sports Golazo - Europe,"Fantastic explanation, thank you!",0.75,0.0,https://www.youtube.com/watch?v=9OPyZMVBO9o
Man. United vs. Lyon: Extended Highlights | UEL Quarter-final Leg 2 | CBS Sports Golazo - Europe,CBS Sports Golazo - Europe,"Great tips, thanks for sharing!",0.8777,0.0,https://www.youtube.com/watch?v=9OPyZMVBO9o
Man. United vs. Lyon: Extended Highlights | UEL Quarter-final Leg 2 | CBS Sports Golazo - Europe,CBS Sports Golazo - Europe,"Awesome video, looking forward to the next one!",0.6588,0.0,https://www.youtube.com/watch?v=9OPyZMVBO9o
The Best Things In Life Are Unexpected... WE'RE PREGNANT!,J Cook,Rayleenâ€™s reaction ğŸ¥¹ğŸ¥¹ğŸ¥¹ğŸ¥¹,0.0,0.0,https://www.youtube.com/watch?v=_8DA0ZQmSmc
The Best Things In Life Are Unexpected... WE'RE PREGNANT!,J Cook,What happen to not getting pregnant until thereâ€™s a ring on her finger lmao,0.5994,0.0,https://www.youtube.com/watch?v=_8DA0ZQmSmc
The Best Things In Life Are Unexpected... WE'RE PREGNANT!,J Cook,My daughter was conceived on Valentineâ€™s Day and I gave birth to her November 6,0.0,0.0,https://www.youtube.com/watch?v=_8DA0ZQmSmc
The Best Things In Life Are Unexpected... WE'RE PREGNANT!,J Cook,Congratulations ğŸ¾ ğŸ‰â¤â¤â¤,0.9648,0.0,https://www.youtube.com/watch?v=_8DA0ZQmSmc
The Best Things In Life Are Unexpected... WE'RE PREGNANT!,J Cook,Congratulations ğŸŠğŸ‰!  I feel like youâ€™re having a boy fr! I had that nausea and not feeling good with my son and terrible sinuses with my daughter. But congratulations yall are going to be amazing parents ğŸ’™,0.9684,0.0,https://www.youtube.com/watch?v=_8DA0ZQmSmc
The Fantastic Four: First Steps | Official Trailer | Only in Theaters July 25,Marvel Entertainment,How TF does the CGI on silver surfer (ğŸ’©) look worse than the 2005 one.,-0.4767,0.0,https://www.youtube.com/watch?v=pAsmrKyMqaA
The Fantastic Four: First Steps | Official Trailer | Only in Theaters July 25,Marvel Entertainment,ğŸ’©,0.0,0.0,https://www.youtube.com/watch?v=pAsmrKyMqaA
The Fantastic Four: First Steps | Official Trailer | Only in Theaters July 25,Marvel Entertainment,yeaaahhh,0.0,0.0,https://www.youtube.com/watch?v=pAsmrKyMqaA
The Fantastic Four: First Steps | Official Trailer | Only in Theaters July 25,Marvel Entertainment,"Could the world being destroyed be 
The Birth of a Celestial",-0.4939,0.0,https://www.youtube.com/watch?v=pAsmrKyMqaA
The Fantastic Four: First Steps | Official Trailer | Only in Theaters July 25,Marvel Entertainment,"Sue Storm: We will fight it together, as family.


Meanwhile: 

Dom: Letty, get me the keys",-0.3818,0.0,https://www.youtube.com/watch?v=pAsmrKyMqaA
Simulating an Ant Colony For 100 Days,TerraGreen,"That was not the ending I was expectingâ€¦ but it was kinda poetic in a way lol

Also Iâ€™m gonna start doing way more ant videos. Is there any species or ideas about them that you want me to do?",0.631,0.0,https://www.youtube.com/watch?v=HZtbD074LUY
Simulating an Ant Colony For 100 Days,TerraGreen,This deserves way more views. Absolutely underrated,0.0,0.0,https://www.youtube.com/watch?v=HZtbD074LUY
Simulating an Ant Colony For 100 Days,TerraGreen,Try keeping a mud lobster as a pet.They love to dig in mud and eat organic matter and decaying plants,0.3818,0.0,https://www.youtube.com/watch?v=HZtbD074LUY
Simulating an Ant Colony For 100 Days,TerraGreen,Bro you copied dr.plant,0.0,0.0,https://www.youtube.com/watch?v=HZtbD074LUY
Simulating an Ant Colony For 100 Days,TerraGreen,U should get a snake egg and do a video until itâ€™s fully grown,0.0,0.0,https://www.youtube.com/watch?v=HZtbD074LUY
Telling My Husband I'm Pregnant,Taylor & Soph,Sooooooooooooo Soooooooooooooooooo Excited and Over the moon Happy for yâ€™all ğŸ©·ğŸ’™ğŸ©·ğŸ’™ Congratulations Momma  &  Dadda ğŸ’™ğŸ©·ğŸ’™ğŸ©·  You all are just the Sweetest and Cutest EVERğŸ’,0.9729,0.0,https://www.youtube.com/watch?v=IqEQtrHaeJE
Telling My Husband I'm Pregnant,Taylor & Soph,I love the way he loves u.,0.836,0.0,https://www.youtube.com/watch?v=IqEQtrHaeJE
Telling My Husband I'm Pregnant,Taylor & Soph,"Ahh I knew I had a feeling but obviously I didnâ€™t say anything just in case, congratulations guys! â¤",0.9286,0.0,https://www.youtube.com/watch?v=IqEQtrHaeJE
Telling My Husband I'm Pregnant,Taylor & Soph,I â¤ how yâ€™all give all the glory to GOD,0.8893,0.0,https://www.youtube.com/watch?v=IqEQtrHaeJE
Telling My Husband I'm Pregnant,Taylor & Soph,Iâ€™ve been waiting for this â¤,0.6369,0.0,https://www.youtube.com/watch?v=IqEQtrHaeJE
EBK Jaaybo - Homebody (Official Music Video),EBK Jaaybo,Gzz,0.0,0.0,https://www.youtube.com/watch?v=sI0VDF65Cac
EBK Jaaybo - Homebody (Official Music Video),EBK Jaaybo,Standover mUsik nexr,0.0,0.0,https://www.youtube.com/watch?v=sI0VDF65Cac
EBK Jaaybo - Homebody (Official Music Video),EBK Jaaybo,GOOD MIX . KEEP ENGINEER,0.5622,0.0,https://www.youtube.com/watch?v=sI0VDF65Cac
EBK Jaaybo - Homebody (Official Music Video),EBK Jaaybo,Gzz,0.0,0.0,https://www.youtube.com/watch?v=sI0VDF65Cac
EBK Jaaybo - Homebody (Official Music Video),EBK Jaaybo,this nigga on a gen run like yb every song top trending,0.5106,0.0,https://www.youtube.com/watch?v=sI0VDF65Cac
ì•„ìŠ¤íŠ¸ë¡œ(ASTRO) - ê¿ˆì†ì˜ ë¬¸(Moon) : Memory of the Moon,ASTRO ì•„ìŠ¤íŠ¸ë¡œ,ğŸ˜¢ğŸ˜¢ğŸ˜¢ğŸ˜¢ğŸ˜˜ğŸ˜˜,-0.7783,0.0,https://www.youtube.com/watch?v=UUFJlUy5aA4
ì•„ìŠ¤íŠ¸ë¡œ(ASTRO) - ê¿ˆì†ì˜ ë¬¸(Moon) : Memory of the Moon,ASTRO ì•„ìŠ¤íŠ¸ë¡œ,La cancion es increible u toca el corazon de una forma inexplicable pero la parte donde canta Sua simplemente se siente mas allÃ¡,0.0,0.0,https://www.youtube.com/watch?v=UUFJlUy5aA4
ì•„ìŠ¤íŠ¸ë¡œ(ASTRO) - ê¿ˆì†ì˜ ë¬¸(Moon) : Memory of the Moon,ASTRO ì•„ìŠ¤íŠ¸ë¡œ,"Beautiful song! I cried like a baby and felt the emotions behind it. We remember Moonbin with love. Thanks for creating such an intimate, heartfelt song as tribute to Moonbinâ€™s memory. God bless you all!",0.9686,0.0,https://www.youtube.com/watch?v=UUFJlUy5aA4
ì•„ìŠ¤íŠ¸ë¡œ(ASTRO) - ê¿ˆì†ì˜ ë¬¸(Moon) : Memory of the Moon,ASTRO ì•„ìŠ¤íŠ¸ë¡œ,"I've been an Astro fan for a lot of  years. I just want to say that even though he's gone, I'll always carry him in my heart because he made every moment shine...I just want to tell you that every time you feel sad or frustrated, just remember every moment you lived with him and your day will brighten up like he always did...ğŸ˜­ğŸ˜­ğŸ˜­ğŸ˜­ğŸ˜­",-0.8591,0.0,https://www.youtube.com/watch?v=UUFJlUy5aA4
ì•„ìŠ¤íŠ¸ë¡œ(ASTRO) - ê¿ˆì†ì˜ ë¬¸(Moon) : Memory of the Moon,ASTRO ì•„ìŠ¤íŠ¸ë¡œ,"This song was soo strong.... I am not an Astro fan, but I deeply feel bad for what happened and everytime I remember about this I hope all his friends and family stay strong until they meet again.

Stay strong Sua, we all are here with you!!",0.9323,0.0,https://www.youtube.com/watch?v=UUFJlUy5aA4
Star Wars Zero Company | Official Announce Trailer,EA Star Wars,"Wishlist STAR WARS Zero Company now:

- Steam: https://store.steampowered.com/app/2075800/STAR_WARS_Zero_Company/
- Epic Games Store: https://store.epicgames.com/en-US/p/star-wars-zero-company-21b5c6
- PlayStation: https://store.playstation.com/en-us/concept/10009029/
- XBOX: https://www.xbox.com/en-us/games/store/star-wars-zero-company/9ppt228dzk4n",-0.6523,0.0,https://www.youtube.com/watch?v=rcxnRaZ6slU
Star Wars Zero Company | Official Announce Trailer,EA Star Wars,Imagine if it came with mod support.  Hopefully game publishers and developers have learnt from the recent renaissance of quality products on the market and the lack of sales for the cash grabsbing agenda pushing slop.,0.4767,0.0,https://www.youtube.com/watch?v=rcxnRaZ6slU
Star Wars Zero Company | Official Announce Trailer,EA Star Wars,"A Jedi , Mandolorian , scoundrel , bounty hunter ,clone trooper and an astromech walk into EA bar",0.0,0.0,https://www.youtube.com/watch?v=rcxnRaZ6slU
Star Wars Zero Company | Official Announce Trailer,EA Star Wars,XCOM Star Wars,-0.5574,0.0,https://www.youtube.com/watch?v=rcxnRaZ6slU
Star Wars Zero Company | Official Announce Trailer,EA Star Wars,They just had to ruin it and make it an X-Com clone.,-0.5859,0.0,https://www.youtube.com/watch?v=rcxnRaZ6slU
