youtube_title,reddit_post_title,post_score,post_url,post_created,post_sentiment,post_sentiment_emoji,comment,cleaned_comment,comment_sentiment,comment_sentiment_emoji,comment_author,comment_score
Brawl Talk: A NEW BRAWLER RARITY?!,A NEW BRAWLER RARITY?! Brawl Talk is tomorrow!,2811,https://i.redd.it/qie7r1pu3lve1.jpeg,2025-04-18 12:08:41,0.0,ğŸ˜,"General reminder for subreddit members: Simple Questions and Loot results (good or bad), and celebrations should be posted in the Weekly Mega Thread Discussion post. You can find it at the top of r/BrawlStars's front page when you sort posts by hot. This includes pictures of Starr Drops, Mega Pig results, unlocking new Brawlers or other items.

If you see a post or comment that breaks any of our rules, please report them [using the anonymous report button](https://support.reddithelp.com/hc/en-us/articles/360058309512-How-do-I-report-a-post-or-comment-)!    


*I am a bot, and this action was performed automatically. Please [contact the moderators of this subreddit](/message/compose/?to=/r/Brawlstars) if you have any questions or concerns.*","general reminder for subreddit members simple questions and loot results good or bad and celebrations should be posted in the weekly mega thread discussion post you can find it at the top of rbrawlstarss front page when you sort posts by hot this includes pictures of starr drops mega pig results unlocking new brawlers or other items

if you see a post or comment that breaks any of our rules please report them using the anonymous report button    


i am a bot and this action was performed automatically please contact the moderators of this subredditmessagecomposetorbrawlstars if you have any questions or concerns",0.5859,ğŸ˜ƒ,AutoModerator,1
Brawl Talk: A NEW BRAWLER RARITY?!,A NEW BRAWLER RARITY?! Brawl Talk is tomorrow!,2811,https://i.redd.it/qie7r1pu3lve1.jpeg,2025-04-18 12:08:41,0.0,ğŸ˜,RYAN IS BACK BABY,ryan is back baby,0.0,ğŸ˜,Exciting-Year-2343,1069
Brawl Talk: A NEW BRAWLER RARITY?!,A NEW BRAWLER RARITY?! Brawl Talk is tomorrow!,2811,https://i.redd.it/qie7r1pu3lve1.jpeg,2025-04-18 12:08:41,0.0,ğŸ˜,the silhuette of the prawler is probably in enchanted woods or swamp of love trio its in one of those trios im calling it,the silhuette of the prawler is probably in enchanted woods or swamp of love trio its in one of those trios im calling it,0.7783,ğŸ˜ƒ,gamer_withnolife,606
Brawl Talk: A NEW BRAWLER RARITY?!,BRAWL TALK LIVE DICUSSION: Talk about the new stuff that's gonna come soon!,11,https://www.reddit.com/gallery/1k2y8ba,2025-04-19 15:01:59,0.0,ğŸ˜,"ultra legendary. jesus. \*frick.\*

EDIT: I'm scared. As much as I had tried to tolerate Supercell's actions, it feels like the new rarity is really stretching limits. Above legendary? How much will it cost?! 10k credits?! And I mean, Kaze has 2 modes like the much reviled Buzz?! Isn't that way too risky to do? 

Overall, I am genuinely terrified for the game's health, now that the community are even more agitated than before.","ultra legendary jesus frick

edit im scared as much as i had tried to tolerate supercells actions it feels like the new rarity is really stretching limits above legendary how much will it cost 10k credits and i mean kaze has 2 modes like the much reviled buzz isnt that way too risky to do 

overall i am genuinely terrified for the games health now that the community are even more agitated than before",-0.6697,ğŸ˜ ,Capital-Ad3018,12
Brawl Talk: A NEW BRAWLER RARITY?!,BRAWL TALK LIVE DICUSSION: Talk about the new stuff that's gonna come soon!,11,https://www.reddit.com/gallery/1k2y8ba,2025-04-19 15:01:59,0.0,ğŸ˜,They fucked up with the new rarity,they fucked up with the new rarity,-0.6597,ğŸ˜ ,Alive-Skeleton,6
Brawl Talk: A NEW BRAWLER RARITY?!,BRAWL TALK LIVE DICUSSION: Talk about the new stuff that's gonna come soon!,11,https://www.reddit.com/gallery/1k2y8ba,2025-04-19 15:01:59,0.0,ğŸ˜,LILY HC IS REAL HOLY SHIT,lily hc is real holy shit,-0.5574,ğŸ˜ ,CoolRich34,4
Brawl Talk: A NEW BRAWLER RARITY?!,My Honest Thoughts on the Latest Brawl Talk (As a Beta Player),12,https://www.reddit.com/r/Brawlstars/comments/1k31by0/my_honest_thoughts_on_the_latest_brawl_talk_as_a/,2025-04-19 17:18:42,0.5106,ğŸ˜ƒ,"General reminder for subreddit members: Simple Questions and Loot results (good or bad), and celebrations should be posted in the Weekly Mega Thread Discussion post. You can find it at the top of r/BrawlStars's front page when you sort posts by hot. This includes pictures of Starr Drops, Mega Pig results, unlocking new Brawlers or other items.

If you see a post or comment that breaks any of our rules, please report them [using the anonymous report button](https://support.reddithelp.com/hc/en-us/articles/360058309512-How-do-I-report-a-post-or-comment-)!    


*I am a bot, and this action was performed automatically. Please [contact the moderators of this subreddit](/message/compose/?to=/r/Brawlstars) if you have any questions or concerns.*","general reminder for subreddit members simple questions and loot results good or bad and celebrations should be posted in the weekly mega thread discussion post you can find it at the top of rbrawlstarss front page when you sort posts by hot this includes pictures of starr drops mega pig results unlocking new brawlers or other items

if you see a post or comment that breaks any of our rules please report them using the anonymous report button    


i am a bot and this action was performed automatically please contact the moderators of this subredditmessagecomposetorbrawlstars if you have any questions or concerns",0.5859,ğŸ˜ƒ,AutoModerator,1
Brawl Talk: A NEW BRAWLER RARITY?!,My Honest Thoughts on the Latest Brawl Talk (As a Beta Player),12,https://www.reddit.com/r/Brawlstars/comments/1k31by0/my_honest_thoughts_on_the_latest_brawl_talk_as_a/,2025-04-19 17:18:42,0.5106,ğŸ˜ƒ,Good reading experience,good reading experience,0.4404,ğŸ˜,314dragonn,3
Brawl Talk: A NEW BRAWLER RARITY?!,My Honest Thoughts on the Latest Brawl Talk (As a Beta Player),12,https://www.reddit.com/r/Brawlstars/comments/1k31by0/my_honest_thoughts_on_the_latest_brawl_talk_as_a/,2025-04-19 17:18:42,0.5106,ğŸ˜ƒ,"Also a beta player and agree with most of the points. I donâ€™t agree with lumping Colt in with Shelly/Bull in terms of being boring though, Colt is a brawler I still feel like Iâ€™ improving at even 8 years later or however long its been. Damn Iâ€™m old

But the new MOBA mode? Hell yeah. Siege was also my favorite mode and I could see this being my favorite Brawl Stars mode ever. I understand why people are mad about Ultra Legendary even though it doesnâ€™t bother me because Iâ€™m at 90/90 and want a use for my credits anyway. But for me this update looks great","also a beta player and agree with most of the points i dont agree with lumping colt in with shellybull in terms of being boring though colt is a brawler i still feel like i improving at even 8 years later or however long its been damn im old

but the new moba mode hell yeah siege was also my favorite mode and i could see this being my favorite brawl stars mode ever i understand why people are mad about ultra legendary even though it doesnt bother me because im at 9090 and want a use for my credits anyway but for me this update looks great",0.9071,ğŸ˜ƒ,DeliciousSquash,1
Brawl Talk: A NEW BRAWLER RARITY?!,We need to stop looking at every update as not good.,10,https://i.redd.it/752w6ga06uve1.jpeg,2025-04-19 18:36:48,-0.5583,ğŸ˜ ,"General reminder for subreddit members: Simple Questions and Loot results (good or bad), and celebrations should be posted in the Weekly Mega Thread Discussion post. You can find it at the top of r/BrawlStars's front page when you sort posts by hot. This includes pictures of Starr Drops, Mega Pig results, unlocking new Brawlers or other items.

If you see a post or comment that breaks any of our rules, please report them [using the anonymous report button](https://support.reddithelp.com/hc/en-us/articles/360058309512-How-do-I-report-a-post-or-comment-)!    


*I am a bot, and this action was performed automatically. Please [contact the moderators of this subreddit](/message/compose/?to=/r/Brawlstars) if you have any questions or concerns.*","general reminder for subreddit members simple questions and loot results good or bad and celebrations should be posted in the weekly mega thread discussion post you can find it at the top of rbrawlstarss front page when you sort posts by hot this includes pictures of starr drops mega pig results unlocking new brawlers or other items

if you see a post or comment that breaks any of our rules please report them using the anonymous report button    


i am a bot and this action was performed automatically please contact the moderators of this subredditmessagecomposetorbrawlstars if you have any questions or concerns",0.5859,ğŸ˜ƒ,AutoModerator,1
Brawl Talk: A NEW BRAWLER RARITY?!,We need to stop looking at every update as not good.,10,https://i.redd.it/752w6ga06uve1.jpeg,2025-04-19 18:36:48,-0.5583,ğŸ˜ ,"there ARE good events. A new rarity, a not fitting brawler are not good. I only hate the new brawlers, everything else looks decent",there are good events a new rarity a not fitting brawler are not good i only hate the new brawlers everything else looks decent,-0.4949,ğŸ˜,Massive-Locksmith361,6
Brawl Talk: A NEW BRAWLER RARITY?!,We need to stop looking at every update as not good.,10,https://i.redd.it/752w6ga06uve1.jpeg,2025-04-19 18:36:48,-0.5583,ğŸ˜ ,Iâ€™m just mad about the ultra fucking legendary. JUST MAKE 2 DIFFERENT BRAWLERS!,im just mad about the ultra fucking legendary just make 2 different brawlers,-0.4939,ğŸ˜,Comfortable-Mix6125,3
"$1 vs $25,000 Build Challenge",Bloons TD 6 v48.0 - Update Notes!,604,https://www.reddit.com/r/btd6/comments/1jpc827/bloons_td_6_v480_update_notes/,2025-04-02 01:05:46,0.0,ğŸ˜,"48.1 Patch notes
https://www.reddit.com/r/btd6/comments/1ju2wr7/bloons_td_6_v481_patch_notes/","481 patch notes
",0.0,ğŸ˜,rohan_spibo,1
"$1 vs $25,000 Build Challenge",Bloons TD 6 v48.0 - Update Notes!,604,https://www.reddit.com/r/btd6/comments/1jpc827/bloons_td_6_v480_update_notes/,2025-04-02 01:05:46,0.0,ğŸ˜,"Yes I know lol, it's intended.

Go have fun","yes i know lol its intended

go have fun",0.8316,ğŸ˜ƒ,rohan_spibo,335
"$1 vs $25,000 Build Challenge",Bloons TD 6 v48.0 - Update Notes!,604,https://www.reddit.com/r/btd6/comments/1jpc827/bloons_td_6_v480_update_notes/,2025-04-02 01:05:46,0.0,ğŸ˜,"There's a secret you can do to transform the new map Spa Pits into Tar Pits from BTD5.

https://preview.redd.it/47m5vv5unbse1.jpeg?width=640&format=pjpg&auto=webp&s=7132bb463f06ab6b53d95f89daab21d921d99ded

Tap the 4 rocks in the order of bottom left, bottom right, top right, center top. Then tap the bottom right rock again. You will get the option to enable Tar Pits for free. The map is easily far harder than Bloody Puddles. Beating round 6 on CHIMPS is most likely not possible, let alone the full 100 rounds.","theres a secret you can do to transform the new map spa pits into tar pits from btd5



tap the 4 rocks in the order of bottom left bottom right top right center top then tap the bottom right rock again you will get the option to enable tar pits for free the map is easily far harder than bloody puddles beating round 6 on chimps is most likely not possible let alone the full 100 rounds",0.4836,ğŸ˜,None,231
"$1 vs $25,000 Build Challenge",GMT Games note on current tariffs,374,https://www.reddit.com/r/boardgames/comments/1k1i45c/gmt_games_note_on_current_tariffs/,2025-04-17 17:11:33,0.0,ğŸ˜,"Avalanche press has been saying the same thing.

Especially the part where American production simply isn't to standard.","avalanche press has been saying the same thing

especially the part where american production simply isnt to standard",0.0,ğŸ˜,Exact_Acanthaceae294,53
"$1 vs $25,000 Build Challenge",GMT Games note on current tariffs,374,https://www.reddit.com/r/boardgames/comments/1k1i45c/gmt_games_note_on_current_tariffs/,2025-04-17 17:11:33,0.0,ğŸ˜,"It annoys me how it seems like everyone in America thinks the boycotts are because of the tariffs. While annoying, I believe the main cause of the boycotts are the threats of annexation not, tariffs.",it annoys me how it seems like everyone in america thinks the boycotts are because of the tariffs while annoying i believe the main cause of the boycotts are the threats of annexation not tariffs,-0.8625,ğŸ˜ ,rrhyno1981,242
"$1 vs $25,000 Build Challenge",GMT Games note on current tariffs,374,https://www.reddit.com/r/boardgames/comments/1k1i45c/gmt_games_note_on_current_tariffs/,2025-04-17 17:11:33,0.0,ğŸ˜,"This may be off-topic for tarrifs, but it was brought up in the post, so I figure it's fair game.

I keep hearing Americans/American companies complain about boycotts of American products and that it's not fair to punish everyone in the states for the decision of one man (or one party). But then, on the other hand, they make comments saying they won't speak about the politics of the situation. You can't have it both ways. 

Why, as a consumer, should I support your company/product when your country is threatening my country, and yet you don't condemn those actions, or at the least won't even speak about them. That is the whole point of the boycotts. To put pressure on everyone to get them help enact change. Only the people from within the country can enact the change that needs to happen, and that doesn't happen by being silent.

Or the alternative is they agree with what's happening, in which case, no, I will not be supporting you in that case.","this may be offtopic for tarrifs but it was brought up in the post so i figure its fair game

i keep hearing americansamerican companies complain about boycotts of american products and that its not fair to punish everyone in the states for the decision of one man or one party but then on the other hand they make comments saying they wont speak about the politics of the situation you cant have it both ways 

why as a consumer should i support your companyproduct when your country is threatening my country and yet you dont condemn those actions or at the least wont even speak about them that is the whole point of the boycotts to put pressure on everyone to get them help enact change only the people from within the country can enact the change that needs to happen and that doesnt happen by being silent

or the alternative is they agree with whats happening in which case no i will not be supporting you in that case",0.5248,ğŸ˜ƒ,NaturalSignificant94,130
"$1 vs $25,000 Build Challenge","Wrestling Observer Rewind â˜… May 17, 2004",246,https://www.reddit.com/r/SquaredCircle/comments/1jwtcys/wrestling_observer_rewind_may_17_2004/,2025-04-11 15:59:34,0.0,ğŸ˜,"
**Help make SquaredCircle safer and more inclusive by using the report button to flag posts and comments for moderator review.** 


*I am a bot, and this action was performed automatically. Please [contact the moderators of this subreddit](/message/compose/?to=/r/SquaredCircle) if you have any questions or concerns.*","
help make squaredcircle safer and more inclusive by using the report button to flag posts and comments for moderator review 


i am a bot and this action was performed automatically please contact the moderators of this subredditmessagecomposetorsquaredcircle if you have any questions or concerns",0.7783,ğŸ˜ƒ,AutoModerator,1
"$1 vs $25,000 Build Challenge","Wrestling Observer Rewind â˜… May 17, 2004",246,https://www.reddit.com/r/SquaredCircle/comments/1jwtcys/wrestling_observer_rewind_may_17_2004/,2025-04-11 15:59:34,0.0,ğŸ˜,I now fully look forward to Vice's upcoming series Dark Side of the Rewinder Men.,i now fully look forward to vices upcoming series dark side of the rewinder men,0.0,ğŸ˜,PeteF3,122
"$1 vs $25,000 Build Challenge","Wrestling Observer Rewind â˜… May 17, 2004",246,https://www.reddit.com/r/SquaredCircle/comments/1jwtcys/wrestling_observer_rewind_may_17_2004/,2025-04-11 15:59:34,0.0,ğŸ˜,">""Did Dave just get worked by Homer's Iliad?""

literally LOL'd","did dave just get worked by homers iliad

literally lold",0.0,ğŸ˜,beckett929,59
"$1 vs $25,000 Build Challenge","Wrestling Observer Rewind â˜… Apr. 19, 2004",262,https://www.reddit.com/r/SquaredCircle/comments/1jprwwz/wrestling_observer_rewind_apr_19_2004/,2025-04-02 15:48:57,0.0,ğŸ˜,"
**Help make SquaredCircle safer and more inclusive by using the report button to flag posts and comments for moderator review.** 


*I am a bot, and this action was performed automatically. Please [contact the moderators of this subreddit](/message/compose/?to=/r/SquaredCircle) if you have any questions or concerns.*","
help make squaredcircle safer and more inclusive by using the report button to flag posts and comments for moderator review 


i am a bot and this action was performed automatically please contact the moderators of this subredditmessagecomposetorsquaredcircle if you have any questions or concerns",0.7783,ğŸ˜ƒ,AutoModerator,1
"$1 vs $25,000 Build Challenge","Wrestling Observer Rewind â˜… Apr. 19, 2004",262,https://www.reddit.com/r/SquaredCircle/comments/1jprwwz/wrestling_observer_rewind_apr_19_2004/,2025-04-02 15:48:57,0.0,ğŸ˜,John Lauriantis idea of hiring Heidenreich and Diss the Diva segment were truly low points of 2004,john lauriantis idea of hiring heidenreich and diss the diva segment were truly low points of 2004,0.2023,ğŸ˜,lonelyboy5265,56
"$1 vs $25,000 Build Challenge","Wrestling Observer Rewind â˜… Apr. 19, 2004",262,https://www.reddit.com/r/SquaredCircle/comments/1jprwwz/wrestling_observer_rewind_apr_19_2004/,2025-04-02 15:48:57,0.0,ğŸ˜,">And to end the interview, he got in one last jab at Chris Jericho. When asked why they don't get along, Goldberg responded, ""Because we don't see eye-to-forehead.""

OOF.

>At a show in Indiana, JBL decided to get heat by trashing Larry Bird. Which, hey, fine. But he did it by saying Bird couldn't hold Magic Johnson's jock and then added, if Bird was still in the NBA today, he'd get raped by Kobe Bryant. Yikes bro.

DOUBLE OOF.","and to end the interview he got in one last jab at chris jericho when asked why they dont get along goldberg responded because we dont see eyetoforehead

oof

at a show in indiana jbl decided to get heat by trashing larry bird which hey fine but he did it by saying bird couldnt hold magic johnsons jock and then added if bird was still in the nba today hed get raped by kobe bryant yikes bro

double oof",-0.7906,ğŸ˜ ,Pippen_Aint_Easy,48
"$1 vs $25,000 Build Challenge","Wrestling Observer Rewind â˜… Apr. 26, 2004",235,https://www.reddit.com/r/SquaredCircle/comments/1jrft1c/wrestling_observer_rewind_apr_26_2004/,2025-04-04 16:15:45,0.0,ğŸ˜,"
**Help make SquaredCircle safer and more inclusive by using the report button to flag posts and comments for moderator review.** 


*I am a bot, and this action was performed automatically. Please [contact the moderators of this subreddit](/message/compose/?to=/r/SquaredCircle) if you have any questions or concerns.*","
help make squaredcircle safer and more inclusive by using the report button to flag posts and comments for moderator review 


i am a bot and this action was performed automatically please contact the moderators of this subredditmessagecomposetorsquaredcircle if you have any questions or concerns",0.7783,ğŸ˜ƒ,AutoModerator,1
"$1 vs $25,000 Build Challenge","Wrestling Observer Rewind â˜… Apr. 26, 2004",235,https://www.reddit.com/r/SquaredCircle/comments/1jrft1c/wrestling_observer_rewind_apr_26_2004/,2025-04-04 16:15:45,0.0,ğŸ˜,">**Notes from 4/15 Smackdown:** ... Rico apparently kissed Charlie Haas and started overly-harassing him in a stereotypical gay way, leading to Haas throwing up in response. Gotta love a good ol' fashioned gay panic storyline.

>**Notes from next week's 4/20 Smackdown tapings**: Charlie Haas and Rico won the tag titles.

what an insane era","notes from 415 smackdown  rico apparently kissed charlie haas and started overlyharassing him in a stereotypical gay way leading to haas throwing up in response gotta love a good ol fashioned gay panic storyline

notes from next weeks 420 smackdown tapings charlie haas and rico won the tag titles

what an insane era",0.8126,ğŸ˜ƒ,Rude_Awakening_WR,71
"$1 vs $25,000 Build Challenge","Wrestling Observer Rewind â˜… Apr. 26, 2004",235,https://www.reddit.com/r/SquaredCircle/comments/1jrft1c/wrestling_observer_rewind_apr_26_2004/,2025-04-04 16:15:45,0.0,ğŸ˜,">(Flair) doesn't keep up with what internet fans say because he can't even turn on a computer. Dave says a lot of the old timers are like that when it comes to the internet and it probably keeps them sane.Â 

Dave Meltzer knew in 2004 that the internet would drive senior citizens crazy","flair doesnt keep up with what internet fans say because he cant even turn on a computer dave says a lot of the old timers are like that when it comes to the internet and it probably keeps them saneÂ 

dave meltzer knew in 2004 that the internet would drive senior citizens crazy",0.0258,ğŸ˜,And1BasketballShorts,55
Doechii - Anxiety (Official Video),Doechii - Anxiety (Official Music Video),493,https://youtu.be/riCP9x31Kuk?si=AUv4Yrakb3hKfwPN,2025-04-18 15:06:28,-0.1779,ğŸ˜,"Stream Anxiety by Doechii out now on Apple Music, Spotify, etc.


*I am a bot, and this action was performed automatically. Please [contact the moderators of this subreddit](/message/compose/?to=/r/DOECHII) if you have any questions or concerns.*","stream anxiety by doechii out now on apple music spotify etc


i am a bot and this action was performed automatically please contact the moderators of this subredditmessagecomposetordoechii if you have any questions or concerns",0.1531,ğŸ˜,AutoModerator,1
Doechii - Anxiety (Official Video),Doechii - Anxiety (Official Music Video),493,https://youtu.be/riCP9x31Kuk?si=AUv4Yrakb3hKfwPN,2025-04-18 15:06:28,-0.1779,ğŸ˜,"such a great music video! Also, I love how she referenced Gotye and Kimbra, but she also referenced herself making this song in 2019.",such a great music video also i love how she referenced gotye and kimbra but she also referenced herself making this song in 2019,0.631,ğŸ˜ƒ,shouyos,91
Doechii - Anxiety (Official Video),Doechii - Anxiety (Official Music Video),493,https://youtu.be/riCP9x31Kuk?si=AUv4Yrakb3hKfwPN,2025-04-18 15:06:28,-0.1779,ğŸ˜,"the homage to her original video is spot on 

a very creative video","the homage to her original video is spot on 

a very creative video",0.6697,ğŸ˜ƒ,silent-radio4,63
Doechii - Anxiety (Official Video),Doechii - Anxiety (Official Video),0,https://www.youtube.com/watch?v=riCP9x31Kuk,2025-04-18 15:15:29,-0.1779,ğŸ˜,"i mean, i don't think so but it's a really good video nonetheless.",i mean i dont think so but its a really good video nonetheless,0.6474,ğŸ˜ƒ,beholdthecolossus,1
Doechii - Anxiety (Official Video),Doechii - Anxiety (Official Video),0,https://www.youtube.com/watch?v=riCP9x31Kuk,2025-04-18 15:15:29,-0.1779,ğŸ˜,"Good video, bad song, and I don't see any references personally",good video bad song and i dont see any references personally,-0.1531,ğŸ˜,leninzen,1
Doechii - Anxiety (Official Video),Doechii - Anxiety (Official Video),0,https://youtu.be/riCP9x31Kuk?si=Dz4oaQGwsfXDQIaU,2025-04-18 15:13:36,-0.1779,ğŸ˜,Not feeling this.,not feeling this,-0.0951,ğŸ˜,platyviolence,1
THE GASLIGHT DISTRICT: PILOT,With the Pilot of the Gaslight District released what were y'all's thoughts on,679,https://i.redd.it/v7r8cl337ove1.jpeg,2025-04-18 22:32:09,0.0,ğŸ˜,Really Cool! Hyped to see what the future holds for it,really cool hyped to see what the future holds for it,0.3804,ğŸ˜,Cosmic_Cat_Ultimate,156
THE GASLIGHT DISTRICT: PILOT,With the Pilot of the Gaslight District released what were y'all's thoughts on,679,https://i.redd.it/v7r8cl337ove1.jpeg,2025-04-18 22:32:09,0.0,ğŸ˜,I thought it was pretty good :3 I specially loved the animation it was so clean,i thought it was pretty good 3 i specially loved the animation it was so clean,0.9259,ğŸ˜ƒ,Some_Randome_Thimg,95
THE GASLIGHT DISTRICT: PILOT,With the Pilot of the Gaslight District released what were y'all's thoughts on,679,https://i.redd.it/v7r8cl337ove1.jpeg,2025-04-18 22:32:09,0.0,ğŸ˜,I like the comic book cover vibe of these Glitch posters from Meta Runner to Gaslight District they always had this comic book cover feel of these posters,i like the comic book cover vibe of these glitch posters from meta runner to gaslight district they always had this comic book cover feel of these posters,0.3612,ğŸ˜,Money-Lie7814,91
THE GASLIGHT DISTRICT: PILOT,THE GASLIGHT DISTRICT: PILOT (Discussion Thread),85,https://www.reddit.com/r/TheGaslightDistrict/comments/1k2grfy/the_gaslight_district_pilot_discussion_thread/,2025-04-18 21:55:42,0.0,ğŸ˜,10/10,1010,0.0,ğŸ˜,Sweaty-Arm-6881,25
THE GASLIGHT DISTRICT: PILOT,THE GASLIGHT DISTRICT: PILOT (Discussion Thread),85,https://www.reddit.com/r/TheGaslightDistrict/comments/1k2grfy/the_gaslight_district_pilot_discussion_thread/,2025-04-18 21:55:42,0.0,ğŸ˜,"I feel bad thinking about very young TADC kids watching this thinking it will be some happy looking colorful show somehow

and now theyâ€™ll have nightmares about getting cemented","i feel bad thinking about very young tadc kids watching this thinking it will be some happy looking colorful show somehow

and now theyll have nightmares about getting cemented",0.0516,ğŸ˜,MallowMiaou,19
THE GASLIGHT DISTRICT: PILOT,THE GASLIGHT DISTRICT: PILOT (Discussion Thread),85,https://www.reddit.com/r/TheGaslightDistrict/comments/1k2grfy/the_gaslight_district_pilot_discussion_thread/,2025-04-18 21:55:42,0.0,ğŸ˜,Holy SHIT THAT WAS AMAZING!!,holy shit that was amazing,0.0516,ğŸ˜,jojofan535,17
THE GASLIGHT DISTRICT: PILOT,Just saw the pilot for The Gaslight District and,205,https://i.redd.it/onp6fhwl8ove1.png,2025-04-18 22:41:19,0.0,ğŸ˜,"You're right it's:

https://preview.redd.it/yq7cr9e29ove1.jpeg?width=828&format=pjpg&auto=webp&s=6de18dd175e749ba59f6adf78df0ed0f5d9ad2ea","youre right its

",0.0,ğŸ˜,Eef-Zero,13
THE GASLIGHT DISTRICT: PILOT,Just saw the pilot for The Gaslight District and,205,https://i.redd.it/onp6fhwl8ove1.png,2025-04-18 22:41:19,0.0,ğŸ˜,"The animation, incredible.

Character design, amazing.

Gore? 101%","the animation incredible

character design amazing

gore 101",0.6204,ğŸ˜ƒ,Banana_Slugcat,9
THE GASLIGHT DISTRICT: PILOT,Just saw the pilot for The Gaslight District and,205,https://i.redd.it/onp6fhwl8ove1.png,2025-04-18 22:41:19,0.0,ğŸ˜,https://preview.redd.it/9kxdxfhe2qve1.jpeg?width=828&format=pjpg&auto=webp&s=00777eb48f220108252a4ec86d8eb961023b9e4f,,0.0,ğŸ˜,Moon_shadow435,7
THE GASLIGHT DISTRICT: PILOT,"Since Gaslight district is tomorrow, what do you predict will happen in the PILOT? (Image Unrelated)",42,https://i.redd.it/5kj50kx6beve1.png,2025-04-17 13:17:44,0.0,ğŸ˜,Some gaslight in the district,some gaslight in the district,0.0,ğŸ˜,ToastMachine910,18
THE GASLIGHT DISTRICT: PILOT,"Since Gaslight district is tomorrow, what do you predict will happen in the PILOT? (Image Unrelated)",42,https://i.redd.it/5kj50kx6beve1.png,2025-04-17 13:17:44,0.0,ğŸ˜,something silly is about to happen,something silly is about to happen,0.0258,ğŸ˜,YurikovARTva,7
THE GASLIGHT DISTRICT: PILOT,"Since Gaslight district is tomorrow, what do you predict will happen in the PILOT? (Image Unrelated)",42,https://i.redd.it/5kj50kx6beve1.png,2025-04-17 13:17:44,0.0,ğŸ˜,I predict lots of gaslighting about the situation.,i predict lots of gaslighting about the situation,0.0,ğŸ˜,Elavatedview1922,7
THE GASLIGHT DISTRICT: PILOT,"Looked at the credits for The Gaslight District, was not surprised",164,https://i.redd.it/zy9r6muhjvve1.jpeg,2025-04-19 23:15:20,0.2105,ğŸ˜,"Well at least we can just play indie gam-

https://preview.redd.it/d5bf2mojlvve1.jpeg?width=1242&format=pjpg&auto=webp&s=d799aea2c13b9f3ddd91246930c5a60ad3c2fe81","well at least we can just play indie gam

",0.5423,ğŸ˜ƒ,SilverSpider_,17
THE GASLIGHT DISTRICT: PILOT,"Looked at the credits for The Gaslight District, was not surprised",164,https://i.redd.it/zy9r6muhjvve1.jpeg,2025-04-19 23:15:20,0.2105,ğŸ˜,That whore canâ€™t leep getting aWAY WITH IT,that whore cant leep getting away with it,-0.6486,ğŸ˜ ,Reymond_StJames,8
THE GASLIGHT DISTRICT: PILOT,"Looked at the credits for The Gaslight District, was not surprised",164,https://i.redd.it/zy9r6muhjvve1.jpeg,2025-04-19 23:15:20,0.2105,ğŸ˜,How has he got so popular?,how has he got so popular,0.5598,ğŸ˜ƒ,Glad_Raspberry_8469,4
"Remontada Ã©pica. Abajo por 2 goles, el Barcelona ganÃ³ 4-3 a Celta de Vigo. Raphinha, hÃ©roe | La Liga",Post-Match Thread: FC Barcelona vs Celta Vigo | LA LIGA,208,https://www.reddit.com/r/Barca/comments/1k2zztu/postmatch_thread_fc_barcelona_vs_celta_vigo_la/,2025-04-19 16:19:19,0.0,ğŸ˜,"REMONTADAAAA

https://preview.redd.it/u5y1aetjhtve1.jpeg?width=1170&format=pjpg&auto=webp&s=78370a88bdf2d369ed74a81e44410ea8ced6bdf3","remontadaaaa

",0.0,ğŸ˜,Loose-Examination-39,352
"Remontada Ã©pica. Abajo por 2 goles, el Barcelona ganÃ³ 4-3 a Celta de Vigo. Raphinha, hÃ©roe | La Liga",Post-Match Thread: FC Barcelona vs Celta Vigo | LA LIGA,208,https://www.reddit.com/r/Barca/comments/1k2zztu/postmatch_thread_fc_barcelona_vs_celta_vigo_la/,2025-04-19 16:19:19,0.0,ğŸ˜,iPad 0 - 1 Barca,ipad 0  1 barca,0.0,ğŸ˜,GorillaDr,197
"Remontada Ã©pica. Abajo por 2 goles, el Barcelona ganÃ³ 4-3 a Celta de Vigo. Raphinha, hÃ©roe | La Liga",Post-Match Thread: FC Barcelona vs Celta Vigo | LA LIGA,208,https://www.reddit.com/r/Barca/comments/1k2zztu/postmatch_thread_fc_barcelona_vs_celta_vigo_la/,2025-04-19 16:19:19,0.0,ğŸ˜,"Yamal and Olmo flipped the whole dynamic of the game once they came in, absolutely unreal!",yamal and olmo flipped the whole dynamic of the game once they came in absolutely unreal,0.3818,ğŸ˜,thatErraticguy,165
"Remontada Ã©pica. Abajo por 2 goles, el Barcelona ganÃ³ 4-3 a Celta de Vigo. Raphinha, hÃ©roe | La Liga","Pre-Match Thread: FC Barcelona vs Celta Vigo | La Liga, Matchday 32",23,https://www.reddit.com/r/Barca/comments/1k28a0e/prematch_thread_fc_barcelona_vs_celta_vigo_la/,2025-04-18 15:53:15,0.0,ğŸ˜,"Starting 11:

https://preview.redd.it/w4echgg1isve1.jpeg?width=1638&format=pjpg&auto=webp&s=14a60f71a36e98c8caa9ceb1a2d9c0b52930fd04","starting 11

",0.0,ğŸ˜,Loose-Examination-39,1
"Remontada Ã©pica. Abajo por 2 goles, el Barcelona ganÃ³ 4-3 a Celta de Vigo. Raphinha, hÃ©roe | La Liga","Pre-Match Thread: FC Barcelona vs Celta Vigo | La Liga, Matchday 32",23,https://www.reddit.com/r/Barca/comments/1k28a0e/prematch_thread_fc_barcelona_vs_celta_vigo_la/,2025-04-18 15:53:15,0.0,ğŸ˜,I think Flick is gonna play the best 11 possible for this match and he gonna do rotations Tuesday against Mallorca because the game after that is against Madrid.,i think flick is gonna play the best 11 possible for this match and he gonna do rotations tuesday against mallorca because the game after that is against madrid,0.765,ğŸ˜ƒ,PuzzleheadedBit2190,20
"Remontada Ã©pica. Abajo por 2 goles, el Barcelona ganÃ³ 4-3 a Celta de Vigo. Raphinha, hÃ©roe | La Liga","Pre-Match Thread: FC Barcelona vs Celta Vigo | La Liga, Matchday 32",23,https://www.reddit.com/r/Barca/comments/1k28a0e/prematch_thread_fc_barcelona_vs_celta_vigo_la/,2025-04-18 15:53:15,0.0,ğŸ˜,"I really wish all the starting players could be rotated. But then again I remember how Iago Aspas plays against us and no thanks. I swear, that garbage run of games in December couldâ€™ve meant the title was decided by now if we did not have that dip in form and we could have been rotating without any concern. Oh well, onwards, and hopefully a win here",i really wish all the starting players could be rotated but then again i remember how iago aspas plays against us and no thanks i swear that garbage run of games in december couldve meant the title was decided by now if we did not have that dip in form and we could have been rotating without any concern oh well onwards and hopefully a win here,0.9098,ğŸ˜ƒ,Agreeable-Fun9315,21
"Remontada Ã©pica. Abajo por 2 goles, el Barcelona ganÃ³ 4-3 a Celta de Vigo. Raphinha, hÃ©roe | La Liga",[Match Thread] La Liga: Barcelona x Celta,2,https://www.reddit.com/r/futebol/comments/1k2ygd5/match_thread_la_liga_barcelona_x_celta/,2025-04-19 15:11:37,0.0,ğŸ˜,Borja Iglesias 3x,borja iglesias 3x,0.0,ğŸ˜,Everton_Gomes,2
"Remontada Ã©pica. Abajo por 2 goles, el Barcelona ganÃ³ 4-3 a Celta de Vigo. Raphinha, hÃ©roe | La Liga",[Match Thread] La Liga: Barcelona x Celta,2,https://www.reddit.com/r/futebol/comments/1k2ygd5/match_thread_la_liga_barcelona_x_celta/,2025-04-19 15:11:37,0.0,ğŸ˜,Fui na match thread do sub do Barcelona e quase contraÃ­  uma Ãºlcera.,fui na match thread do sub do barcelona e quase contra  uma lcera,0.0,ğŸ˜,LE__guardian,2
"Remontada Ã©pica. Abajo por 2 goles, el Barcelona ganÃ³ 4-3 a Celta de Vigo. Raphinha, hÃ©roe | La Liga",[Match Thread] La Liga: Barcelona x Celta,2,https://www.reddit.com/r/futebol/comments/1k2ygd5/match_thread_la_liga_barcelona_x_celta/,2025-04-19 15:11:37,0.0,ğŸ˜,Pedri tentando fazer uma Ãºnica partida ruim(impossÃ­vel):,pedri tentando fazer uma nica partida ruimimpossvel,0.0,ğŸ˜,LE__guardian,2
"Remontada Ã©pica. Abajo por 2 goles, el Barcelona ganÃ³ 4-3 a Celta de Vigo. Raphinha, hÃ©roe | La Liga",Resumen de la jornada 25 de la ACB,1,https://www.reddit.com/r/NBAenEspanol/comments/1jnudj7/resumen_de_la_jornada_25_de_la_acb/,2025-03-31 03:41:26,0.0,ğŸ˜,"El Leyma CoruÃ±a creo que necesitarÃ­a acumular tantas victorias en los 9 encuentros restantes como las que logrÃ³ en los 25 partidos que llevamos hasta ahora de temporada regular en la ACB para evitar su descenso a la LEB Oro. La salvaciÃ³n parece complicada. De hecho, matemÃ¡ticamente (y por sensaciones dirÃ­a que tambiÃ©n) tiene mÃ¡s opciones el BreogÃ¡n de meterse en los play-off que el Leyma CoruÃ±a de lograr la permanencia.

Y Heurtel anotÃ³ solo 3 puntos... Es cierto que fue duda hasta prÃ¡cticamente el Ãºltimo momento; pero, aÃºn asÃ­, si no estaba bien; para hacer eso, mejor que no juegue y descanse.","el leyma corua creo que necesitara acumular tantas victorias en los 9 encuentros restantes como las que logr en los 25 partidos que llevamos hasta ahora de temporada regular en la acb para evitar su descenso a la leb oro la salvacin parece complicada de hecho matemticamente y por sensaciones dira que tambin tiene ms opciones el breogn de meterse en los playoff que el leyma corua de lograr la permanencia

y heurtel anot solo 3 puntos es cierto que fue duda hasta prcticamente el ltimo momento pero an as si no estaba bien para hacer eso mejor que no juegue y descanse",-0.5267,ğŸ˜ ,Galego_nativo,2
"Remontada Ã©pica. Abajo por 2 goles, el Barcelona ganÃ³ 4-3 a Celta de Vigo. Raphinha, hÃ©roe | La Liga",Resumen de la jornada 25 de la ACB,1,https://www.reddit.com/r/NBAenEspanol/comments/1jnudj7/resumen_de_la_jornada_25_de_la_acb/,2025-03-31 03:41:26,0.0,ğŸ˜,"Victoria del Madrid q pudo rotar,  igualado hasta el descanso, pero en el tercer cuarto ya se fue...

Hezonja no jugÃ³,  Bruno tampoco que estaban tocaos.

Ibaka q lleva varios partidos sin aparecer, hizo posiblemente su mejor partido del aÃ±o.

Hugo jugando mucho... Feliz jugando mÃ¡s que El Facu... Rathan-Hayes jugando bastante...

Importante q haya mucha gente sumando.","victoria del madrid q pudo rotar  igualado hasta el descanso pero en el tercer cuarto ya se fue

hezonja no jug  bruno tampoco que estaban tocaos

ibaka q lleva varios partidos sin aparecer hizo posiblemente su mejor partido del ao

hugo jugando mucho feliz jugando ms que el facu rathanhayes jugando bastante

importante q haya mucha gente sumando",-0.7003,ğŸ˜ ,Fun-Equipment-575,2
"Remontada Ã©pica. Abajo por 2 goles, el Barcelona ganÃ³ 4-3 a Celta de Vigo. Raphinha, hÃ©roe | La Liga",Resumen de la semana en la Euroliga (jornadas 31 y 32 de la temporada regular):,0,https://www.reddit.com/r/NBAenEspanol/comments/1jmaafk/resumen_de_la_semana_en_la_euroliga_jornadas_31_y/,2025-03-29 00:40:52,0.0,ğŸ˜,"Parece que Usman Garuba ha recuperado su mejor versiÃ³n tras... Â¿3 aÃ±os quizÃ¡s ğŸ¤”? Sinceramente, desde el Eurobasket 2022, creo que pocas actuaciones se han podido destacar por su parte. Sin embargo, en este tramo de temporada, parece que estÃ¡ en su pico de forma y vuelve a demostrar ser aquel jugador importante que fue en 2021 antes de marcharse a la NBA. En mi opiniÃ³n, de las noticias mÃ¡s positivas que nos deja esta semana de la Euroliga. Esperemos que esta tendencia perdure en el tiempo, ya que para la selecciÃ³n espaÃ±ola serÃ­a muy importante poder contar con Usman Garuba a su mejor nivel.",parece que usman garuba ha recuperado su mejor versin tras 3 aos quizs  sinceramente desde el eurobasket 2022 creo que pocas actuaciones se han podido destacar por su parte sin embargo en este tramo de temporada parece que est en su pico de forma y vuelve a demostrar ser aquel jugador importante que fue en 2021 antes de marcharse a la nba en mi opinin de las noticias ms positivas que nos deja esta semana de la euroliga esperemos que esta tendencia perdure en el tiempo ya que para la seleccin espaola sera muy importante poder contar con usman garuba a su mejor nivel,-0.296,ğŸ˜,Galego_nativo,1
"Remontada Ã©pica. Abajo por 2 goles, el Barcelona ganÃ³ 4-3 a Celta de Vigo. Raphinha, hÃ©roe | La Liga",Resumen de la semana en la Euroliga (jornadas 31 y 32 de la temporada regular):,0,https://www.reddit.com/r/NBAenEspanol/comments/1jmaafk/resumen_de_la_semana_en_la_euroliga_jornadas_31_y/,2025-03-29 00:40:52,0.0,ğŸ˜,"Bueno.... supo sufrir el Madrid en Belgrado.

Un arranque tremendo,  para llegar con sufrimiento a los Ãºltimos minutos.

SÃ­, estamos viendo al mejor Garuba desde su vuelta, seguramente a estas alturas q el fÃ­sico empieza a ir justo, creo q a el tb se lo nota menos..... a eso le sumas q Ibaka ni estÃ¡ ni se le espera, y que Bruno Hernando es irrelevante... pues se ha ganado sus minutos.

Es mejor d 5 q de 4,  pero como vamos justos en todos lados, a veces tiene tb sus minutos de 4 con Tavares.

Nadie especialmente bien, quizÃ¡ Tavares... pero mucha gente sumando, eso es muy importante, mÃ¡s en una semana con doble jornada.

Buenos minutos de Feliz, q estÃ¡ claramente mejor q al inicio de temporada, este Feliz si q puede ser Ãºtil

Madre mÃ­a como estÃ¡ la clasificacion","bueno supo sufrir el madrid en belgrado

un arranque tremendo  para llegar con sufrimiento a los ltimos minutos

s estamos viendo al mejor garuba desde su vuelta seguramente a estas alturas q el fsico empieza a ir justo creo q a el tb se lo nota menos a eso le sumas q ibaka ni est ni se le espera y que bruno hernando es irrelevante pues se ha ganado sus minutos

es mejor d 5 q de 4  pero como vamos justos en todos lados a veces tiene tb sus minutos de 4 con tavares

nadie especialmente bien quiz tavares pero mucha gente sumando eso es muy importante ms en una semana con doble jornada

buenos minutos de feliz q est claramente mejor q al inicio de temporada este feliz si q puede ser til

madre ma como est la clasificacion",0.34,ğŸ˜,Salty-Car9464,1
